<?xml version="1.0" encoding="UTF-8"?>
<project-private xmlns="http://www.netbeans.org/ns/project-private/1">
    <editor-bookmarks xmlns="http://www.netbeans.org/ns/editor-bookmarks/2" lastBookmarkId="0"/>
    <open-files xmlns="http://www.netbeans.org/ns/projectui-open-files/2">
        <group>
            <file>file:/C:/Users/kusse/OneDrive/Documentos/NetBeansProjects/Parcial_01_Kus_Sebastian/src/parcial_01_kus_sebastian/Parcial_01.java</file>
            <file>file:/C:/Users/kusse/OneDrive/Documentos/NetBeansProjects/Parcial_01_Kus_Sebastian/src/parcial_01_kus_sebastian/Parcial_01_Kus_Sebastian.java</file>
        </group>
    </open-files>
</project-private>
